country,state_name,iso2,iso3,numeric,iso3166_2_link
Afghanistan,the Islamic Republic of Afghanistan,AF,AFG,004,ISO 3166-2:AF
Åland Islands,Åland,AX,ALA,248,ISO 3166-2:AX
Albania,the Republic of Albania,AL,ALB,008,ISO 3166-2:AL
Algeria,the People's Democratic Republic of Algeria,DZ,DZA,012,ISO 3166-2:DZ
American Samoa,American Samoa,AS,ASM,016,ISO 3166-2:AS
Andorra,the Principality of Andorra,AD,AND,020,ISO 3166-2:AD
Angola,the Republic of Angola,AO,AGO,024,ISO 3166-2:AO
Anguilla,Anguilla,AI,AIA,660,ISO 3166-2:AI
Antarctica,Antarctica,AQ,ATA,010,ISO 3166-2:AQ
Antigua and Barbuda,Antigua and Barbuda,AG,ATG,028,ISO 3166-2:AG
Argentina,the Argentine Republic,AR,ARG,032,ISO 3166-2:AR
Armenia,the Republic of Armenia,AM,ARM,051,ISO 3166-2:AM
Aruba,the Country of Aruba,AW,ABW,533,ISO 3166-2:AW
Australia,the Commonwealth of Australia,AU,AUS,036,ISO 3166-2:AU
Austria,the Republic of Austria,AT,AUT,040,ISO 3166-2:AT
Azerbaijan,the Republic of Azerbaijan,AZ,AZE,031,ISO 3166-2:AZ
Bahamas (the),the Commonwealth of The Bahamas,BS,BHS,044,ISO 3166-2:BS
Bahrain,the Kingdom of Bahrain,BH,BHR,048,ISO 3166-2:BH
Bangladesh,the People's Republic of Bangladesh,BD,BGD,050,ISO 3166-2:BD
Barbados,Barbados,BB,BRB,052,ISO 3166-2:BB
Belarus,the Republic of Belarus,BY,BLR,112,ISO 3166-2:BY
Belgium,the Kingdom of Belgium,BE,BEL,056,ISO 3166-2:BE
Belize,Belize,BZ,BLZ,084,ISO 3166-2:BZ
Benin,the Republic of Benin,BJ,BEN,204,ISO 3166-2:BJ
Bermuda,Bermuda,BM,BMU,060,ISO 3166-2:BM
Bhutan,the Kingdom of Bhutan,BT,BTN,064,ISO 3166-2:BT
Bolivia (Plurinational State of),the Plurinational State of Bolivia,BO,BOL,068,ISO 3166-2:BO
BonaireSint EustatiusSaba,"Bonaire, Sint Eustatius and Saba",BQ,BES,535,ISO 3166-2:BQ
Bosnia and Herzegovina,Bosnia and Herzegovina,BA,BIH,070,ISO 3166-2:BA
Botswana,the Republic of Botswana,BW,BWA,072,ISO 3166-2:BW
Bouvet Island,Bouvet Island,BV,BVT,074,ISO 3166-2:BV
Brazil,the Federative Republic of Brazil,BR,BRA,076,ISO 3166-2:BR
British Indian Ocean Territory (the),the British Indian Ocean Territory,IO,IOT,086,ISO 3166-2:IO
Brunei Darussalam,Brunei Darussalam,BN,BRN,096,ISO 3166-2:BN
Bulgaria,the Republic of Bulgaria,BG,BGR,100,ISO 3166-2:BG
Burkina Faso,Burkina Faso,BF,BFA,854,ISO 3166-2:BF
Burundi,the Republic of Burundi,BI,BDI,108,ISO 3166-2:BI
Cabo Verde,the Republic of Cabo Verde,CV,CPV,132,ISO 3166-2:CV
Cambodia,the Kingdom of Cambodia,KH,KHM,116,ISO 3166-2:KH
Cameroon,the Republic of Cameroon,CM,CMR,120,ISO 3166-2:CM
Canada,Canada,CA,CAN,124,ISO 3166-2:CA
Cayman Islands (the),the Cayman Islands,KY,CYM,136,ISO 3166-2:KY
Central African Republic (the),the Central African Republic,CF,CAF,140,ISO 3166-2:CF
Chad,the Republic of Chad,TD,TCD,148,ISO 3166-2:TD
Chile,the Republic of Chile,CL,CHL,152,ISO 3166-2:CL
China,the People's Republic of China,CN,CHN,156,ISO 3166-2:CN
Christmas Island,the Territory of Christmas Island,CX,CXR,162,ISO 3166-2:CX
Cocos (Keeling) Islands (the),the Territory of Cocos (Keeling) Islands,CC,CCK,166,ISO 3166-2:CC
Colombia,the Republic of Colombia,CO,COL,170,ISO 3166-2:CO
Comoros (the),the Union of the Comoros,KM,COM,174,ISO 3166-2:KM
Congo (the Democratic Republic of the),the Democratic Republic of the Congo,CD,COD,180,ISO 3166-2:CD
Congo (the),the Republic of the Congo,CG,COG,178,ISO 3166-2:CG
Cook Islands (the),the Cook Islands,CK,COK,184,ISO 3166-2:CK
Costa Rica,the Republic of Costa Rica,CR,CRI,188,ISO 3166-2:CR
Côte d'Ivoire,the Republic of Côte d'Ivoire,CI,CIV,384,ISO 3166-2:CI
Croatia,the Republic of Croatia,HR,HRV,191,ISO 3166-2:HR
Cuba,the Republic of Cuba,CU,CUB,192,ISO 3166-2:CU
Curaçao,the Country of Curaçao,CW,CUW,531,ISO 3166-2:CW
Cyprus,the Republic of Cyprus,CY,CYP,196,ISO 3166-2:CY
Czechia,the Czech Republic,CZ,CZE,203,ISO 3166-2:CZ
Denmark,the Kingdom of Denmark,DK,DNK,208,ISO 3166-2:DK
Djibouti,the Republic of Djibouti,DJ,DJI,262,ISO 3166-2:DJ
Dominica,the Commonwealth of Dominica,DM,DMA,212,ISO 3166-2:DM
Dominican Republic (the),the Dominican Republic,DO,DOM,214,ISO 3166-2:DO
Ecuador,the Republic of Ecuador,EC,ECU,218,ISO 3166-2:EC
Egypt,the Arab Republic of Egypt,EG,EGY,818,ISO 3166-2:EG
El Salvador,the Republic of El Salvador,SV,SLV,222,ISO 3166-2:SV
Equatorial Guinea,the Republic of Equatorial Guinea,GQ,GNQ,226,ISO 3166-2:GQ
Eritrea,the State of Eritrea,ER,ERI,232,ISO 3166-2:ER
Estonia,the Republic of Estonia,EE,EST,233,ISO 3166-2:EE
Eswatini,the Kingdom of Eswatini,SZ,SWZ,748,ISO 3166-2:SZ
Ethiopia,the Federal Democratic Republic of Ethiopia,ET,ETH,231,ISO 3166-2:ET
Falkland Islands (the) [Malvinas],the Falkland Islands,FK,FLK,238,ISO 3166-2:FK
Faroe Islands (the),the Faroe Islands,FO,FRO,234,ISO 3166-2:FO
Fiji,the Republic of Fiji,FJ,FJI,242,ISO 3166-2:FJ
Finland,the Republic of Finland,FI,FIN,246,ISO 3166-2:FI
France,the French Republic,FR,FRA,250,ISO 3166-2:FR
French Guiana,Guyane,GF,GUF,254,ISO 3166-2:GF
French Polynesia,Overseas Lands of French Polynesia,PF,PYF,258,ISO 3166-2:PF
French Southern Territories (the),the French Southern and Antarctic Lands,TF,ATF,260,ISO 3166-2:TF
Gabon,the Gabonese Republic,GA,GAB,266,ISO 3166-2:GA
Gambia (the),the Republic of The Gambia,GM,GMB,270,ISO 3166-2:GM
Georgia,Georgia,GE,GEO,268,ISO 3166-2:GE
Germany,the Federal Republic of Germany,DE,DEU,276,ISO 3166-2:DE
Ghana,the Republic of Ghana,GH,GHA,288,ISO 3166-2:GH
Gibraltar,Gibraltar,GI,GIB,292,ISO 3166-2:GI
Greece,the Hellenic Republic,GR,GRC,300,ISO 3166-2:GR
Greenland,Greenland,GL,GRL,304,ISO 3166-2:GL
Grenada,Grenada,GD,GRD,308,ISO 3166-2:GD
Guadeloupe,Guadeloupe,GP,GLP,312,ISO 3166-2:GP
Guam,Guam,GU,GUM,316,ISO 3166-2:GU
Guatemala,the Republic of Guatemala,GT,GTM,320,ISO 3166-2:GT
Guernsey,the Bailiwick of Guernsey,GG,GGY,831,ISO 3166-2:GG
Guinea,the Republic of Guinea,GN,GIN,324,ISO 3166-2:GN
Guinea-Bissau,the Republic of Guinea-Bissau,GW,GNB,624,ISO 3166-2:GW
Guyana,the Co-operative Republic of Guyana,GY,GUY,328,ISO 3166-2:GY
Haiti,the Republic of Haiti,HT,HTI,332,ISO 3166-2:HT
Heard Island and McDonald Islands,the Territory of Heard Island and McDonald Islands,HM,HMD,334,ISO 3166-2:HM
Holy See (the),the Holy See,VA,VAT,336,ISO 3166-2:VA
Honduras,the Republic of Honduras,HN,HND,340,ISO 3166-2:HN
Hong Kong,the Hong Kong Special Administrative Region of China,HK,HKG,344,ISO 3166-2:HK
Hungary,Hungary,HU,HUN,348,ISO 3166-2:HU
Iceland,Iceland,IS,ISL,352,ISO 3166-2:IS
India,the Republic of India,IN,IND,356,ISO 3166-2:IN
Indonesia,the Republic of Indonesia,ID,IDN,360,ISO 3166-2:ID
Iran (Islamic Republic of),the Islamic Republic of Iran,IR,IRN,364,ISO 3166-2:IR
Iraq,the Republic of Iraq,IQ,IRQ,368,ISO 3166-2:IQ
Ireland,Ireland,IE,IRL,372,ISO 3166-2:IE
Isle of Man,the Isle of Man,IM,IMN,833,ISO 3166-2:IM
Israel,the State of Israel,IL,ISR,376,ISO 3166-2:IL
Italy,the Italian Republic,IT,ITA,380,ISO 3166-2:IT
Jamaica,Jamaica,JM,JAM,388,ISO 3166-2:JM
Japan,Japan,JP,JPN,392,ISO 3166-2:JP
Jersey,the Bailiwick of Jersey,JE,JEY,832,ISO 3166-2:JE
Jordan,the Hashemite Kingdom of Jordan,JO,JOR,400,ISO 3166-2:JO
Kazakhstan,the Republic of Kazakhstan,KZ,KAZ,398,ISO 3166-2:KZ
Kenya,the Republic of Kenya,KE,KEN,404,ISO 3166-2:KE
Kiribati,the Republic of Kiribati,KI,KIR,296,ISO 3166-2:KI
Korea (the Democratic People's Republic of),the Democratic People's Republic of Korea,KP,PRK,408,ISO 3166-2:KP
Korea (the Republic of),the Republic of Korea,KR,KOR,410,ISO 3166-2:KR
Kuwait,the State of Kuwait,KW,KWT,414,ISO 3166-2:KW
Kyrgyzstan,the Kyrgyz Republic,KG,KGZ,417,ISO 3166-2:KG
Lao People's Democratic Republic (the),the Lao People's Democratic Republic,LA,LAO,418,ISO 3166-2:LA
Latvia,the Republic of Latvia,LV,LVA,428,ISO 3166-2:LV
Lebanon,the Lebanese Republic,LB,LBN,422,ISO 3166-2:LB
Lesotho,the Kingdom of Lesotho,LS,LSO,426,ISO 3166-2:LS
Liberia,the Republic of Liberia,LR,LBR,430,ISO 3166-2:LR
Libya,the State of Libya,LY,LBY,434,ISO 3166-2:LY
Liechtenstein,the Principality of Liechtenstein,LI,LIE,438,ISO 3166-2:LI
Lithuania,the Republic of Lithuania,LT,LTU,440,ISO 3166-2:LT
Luxembourg,the Grand Duchy of Luxembourg,LU,LUX,442,ISO 3166-2:LU
Macao,the Macao Special Administrative Region of China,MO,MAC,446,ISO 3166-2:MO
Madagascar,the Republic of Madagascar,MG,MDG,450,ISO 3166-2:MG
Malawi,the Republic of Malawi,MW,MWI,454,ISO 3166-2:MW
Malaysia,Malaysia,MY,MYS,458,ISO 3166-2:MY
Maldives,the Republic of Maldives,MV,MDV,462,ISO 3166-2:MV
Mali,the Republic of Mali,ML,MLI,466,ISO 3166-2:ML
Malta,the Republic of Malta,MT,MLT,470,ISO 3166-2:MT
Marshall Islands (the),the Republic of the Marshall Islands,MH,MHL,584,ISO 3166-2:MH
Martinique,Martinique,MQ,MTQ,474,ISO 3166-2:MQ
Mauritania,the Islamic Republic of Mauritania,MR,MRT,478,ISO 3166-2:MR
Mauritius,the Republic of Mauritius,MU,MUS,480,ISO 3166-2:MU
Mayotte,the Department of Mayotte,YT,MYT,175,ISO 3166-2:YT
Mexico,the United Mexican States,MX,MEX,484,ISO 3166-2:MX
Micronesia (Federated States of),the Federated States of Micronesia,FM,FSM,583,ISO 3166-2:FM
Moldova (the Republic of),the Republic of Moldova,MD,MDA,498,ISO 3166-2:MD
Monaco,the Principality of Monaco,MC,MCO,492,ISO 3166-2:MC
Mongolia,Mongolia,MN,MNG,496,ISO 3166-2:MN
Montenegro,Montenegro,ME,MNE,499,ISO 3166-2:ME
Montserrat,Montserrat,MS,MSR,500,ISO 3166-2:MS
Morocco,the Kingdom of Morocco,MA,MAR,504,ISO 3166-2:MA
Mozambique,the Republic of Mozambique,MZ,MOZ,508,ISO 3166-2:MZ
Myanmar,the Republic of the Union of Myanmar,MM,MMR,104,ISO 3166-2:MM
Namibia,the Republic of Namibia,NA,NAM,516,ISO 3166-2:NA
Nauru,the Republic of Nauru,NR,NRU,520,ISO 3166-2:NR
Nepal,the Federal Democratic Republic of Nepal,NP,NPL,524,ISO 3166-2:NP
Netherlands (Kingdom of the),the Kingdom of the Netherlands,NL,NLD,528,ISO 3166-2:NL
New Caledonia,New Caledonia,NC,NCL,540,ISO 3166-2:NC
New Zealand,New Zealand,NZ,NZL,554,ISO 3166-2:NZ
Nicaragua,the Republic of Nicaragua,NI,NIC,558,ISO 3166-2:NI
Niger (the),the Republic of the Niger,NE,NER,562,ISO 3166-2:NE
Nigeria,the Federal Republic of Nigeria,NG,NGA,566,ISO 3166-2:NG
Niue,Niue,NU,NIU,570,ISO 3166-2:NU
Norfolk Island,the Territory of Norfolk Island,NF,NFK,574,ISO 3166-2:NF
North Macedonia,the Republic of North Macedonia,MK,MKD,807,ISO 3166-2:MK
Northern Mariana Islands (the),the Commonwealth of the Northern Mariana Islands,MP,MNP,580,ISO 3166-2:MP
Norway,the Kingdom of Norway,NO,NOR,578,ISO 3166-2:NO
Oman,the Sultanate of Oman,OM,OMN,512,ISO 3166-2:OM
Pakistan,the Islamic Republic of Pakistan,PK,PAK,586,ISO 3166-2:PK
Palau,the Republic of Palau,PW,PLW,585,ISO 3166-2:PW
"Palestine, State of",the State of Palestine,PS,PSE,275,ISO 3166-2:PS
Panama,the Republic of Panama,PA,PAN,591,ISO 3166-2:PA
Papua New Guinea,the Independent State of Papua New Guinea,PG,PNG,598,ISO 3166-2:PG
Paraguay,the Republic of Paraguay,PY,PRY,600,ISO 3166-2:PY
Peru,the Republic of Peru,PE,PER,604,ISO 3166-2:PE
Philippines (the),the Republic of the Philippines,PH,PHL,608,ISO 3166-2:PH
Pitcairn,"the Pitcairn, Henderson, Ducie and Oeno Islands",PN,PCN,612,ISO 3166-2:PN
Poland,the Republic of Poland,PL,POL,616,ISO 3166-2:PL
Portugal,the Portuguese Republic,PT,PRT,620,ISO 3166-2:PT
Puerto Rico,the Commonwealth of Puerto Rico,PR,PRI,630,ISO 3166-2:PR
Qatar,the State of Qatar,QA,QAT,634,ISO 3166-2:QA
Réunion,Réunion,RE,REU,638,ISO 3166-2:RE
Romania,Romania,RO,ROU,642,ISO 3166-2:RO
Russian Federation (the),the Russian Federation,RU,RUS,643,ISO 3166-2:RU
Rwanda,the Republic of Rwanda,RW,RWA,646,ISO 3166-2:RW
Saint Barthélemy,the Collectivity of Saint-Barthélemy,BL,BLM,652,ISO 3166-2:BL
Saint HelenaAscension IslandTristan da Cunha,"Saint Helena, Ascension and Tristan da Cunha",SH,SHN,654,ISO 3166-2:SH
Saint Kitts and Nevis,the Federation of Saint Kitts and Nevis,KN,KNA,659,ISO 3166-2:KN
Saint Lucia,Saint Lucia,LC,LCA,662,ISO 3166-2:LC
Saint Martin (French part),the Collectivity of Saint-Martin,MF,MAF,663,ISO 3166-2:MF
Saint Pierre and Miquelon,the Overseas Collectivity of Saint-Pierre and Miquelon,PM,SPM,666,ISO 3166-2:PM
Saint Vincent and the Grenadines,Saint Vincent and the Grenadines,VC,VCT,670,ISO 3166-2:VC
Samoa,the Independent State of Samoa,WS,WSM,882,ISO 3166-2:WS
San Marino,the Republic of San Marino,SM,SMR,674,ISO 3166-2:SM
Sao Tome and Principe,the Democratic Republic of São Tomé and Príncipe,ST,STP,678,ISO 3166-2:ST
Saudi Arabia,the Kingdom of Saudi Arabia,SA,SAU,682,ISO 3166-2:SA
Senegal,the Republic of Senegal,SN,SEN,686,ISO 3166-2:SN
Serbia,the Republic of Serbia,RS,SRB,688,ISO 3166-2:RS
Seychelles,the Republic of Seychelles,SC,SYC,690,ISO 3166-2:SC
Sierra Leone,the Republic of Sierra Leone,SL,SLE,694,ISO 3166-2:SL
Singapore,the Republic of Singapore,SG,SGP,702,ISO 3166-2:SG
Sint Maarten (Dutch part),Sint Maarten,SX,SXM,534,ISO 3166-2:SX
Slovakia,the Slovak Republic,SK,SVK,703,ISO 3166-2:SK
Slovenia,the Republic of Slovenia,SI,SVN,705,ISO 3166-2:SI
Solomon Islands,the Solomon Islands,SB,SLB,090,ISO 3166-2:SB
Somalia,the Federal Republic of Somalia,SO,SOM,706,ISO 3166-2:SO
South Africa,the Republic of South Africa,ZA,ZAF,710,ISO 3166-2:ZA
South Georgia and the South Sandwich Islands,South Georgia and the South Sandwich Islands,GS,SGS,239,ISO 3166-2:GS
South Sudan,the Republic of South Sudan,SS,SSD,728,ISO 3166-2:SS
Spain,the Kingdom of Spain,ES,ESP,724,ISO 3166-2:ES
Sri Lanka,the Democratic Socialist Republic of Sri Lanka,LK,LKA,144,ISO 3166-2:LK
Sudan (the),the Republic of the Sudan,SD,SDN,729,ISO 3166-2:SD
Suriname,the Republic of Suriname,SR,SUR,740,ISO 3166-2:SR
SvalbardJan Mayen,Svalbard and Jan Mayen,SJ,SJM,744,ISO 3166-2:SJ
Sweden,the Kingdom of Sweden,SE,SWE,752,ISO 3166-2:SE
Switzerland,the Swiss Confederation,CH,CHE,756,ISO 3166-2:CH
Syrian Arab Republic (the),the Syrian Arab Republic,SY,SYR,760,ISO 3166-2:SY
Taiwan (Province of China),the Republic of China,TW,TWN,158,ISO 3166-2:TW
Tajikistan,the Republic of Tajikistan,TJ,TJK,762,ISO 3166-2:TJ
"Tanzania, the United Republic of",the United Republic of Tanzania,TZ,TZA,834,ISO 3166-2:TZ
Thailand,the Kingdom of Thailand,TH,THA,764,ISO 3166-2:TH
Timor-Leste,the Democratic Republic of Timor-Leste,TL,TLS,626,ISO 3166-2:TL
Togo,the Togolese Republic,TG,TGO,768,ISO 3166-2:TG
Tokelau,Tokelau,TK,TKL,772,ISO 3166-2:TK
Tonga,the Kingdom of Tonga,TO,TON,776,ISO 3166-2:TO
Trinidad and Tobago,the Republic of Trinidad and Tobago,TT,TTO,780,ISO 3166-2:TT
Tunisia,the Republic of Tunisia,TN,TUN,788,ISO 3166-2:TN
Türkiye,the Republic of Türkiye,TR,TUR,792,ISO 3166-2:TR
Turkmenistan,Turkmenistan,TM,TKM,795,ISO 3166-2:TM
Turks and Caicos Islands (the),the Turks and Caicos Islands,TC,TCA,796,ISO 3166-2:TC
Tuvalu,Tuvalu,TV,TUV,798,ISO 3166-2:TV
Uganda,the Republic of Uganda,UG,UGA,800,ISO 3166-2:UG
Ukraine,Ukraine,UA,UKR,804,ISO 3166-2:UA
United Arab Emirates (the),the United Arab Emirates,AE,ARE,784,ISO 3166-2:AE
United Kingdom of Great Britain and Northern Ireland (the),the United Kingdom of Great Britain and Northern Ireland,GB,GBR,826,ISO 3166-2:GB
United States Minor Outlying Islands (the),"United States Pacific Island Wildlife Refuges,Navassa Island, andWake Island",UM,UMI,581,ISO 3166-2:UM
United States of America (the),the United States of America,US,USA,840,ISO 3166-2:US
Uruguay,the Oriental Republic of Uruguay,UY,URY,858,ISO 3166-2:UY
Uzbekistan,the Republic of Uzbekistan,UZ,UZB,860,ISO 3166-2:UZ
Vanuatu,the Republic of Vanuatu,VU,VUT,548,ISO 3166-2:VU
Venezuela (Bolivarian Republic of),the Bolivarian Republic of Venezuela,VE,VEN,862,ISO 3166-2:VE
Viet Nam,the Socialist Republic of Viet Nam,VN,VNM,704,ISO 3166-2:VN
Virgin Islands (British),the Virgin Islands,VG,VGB,092,ISO 3166-2:VG
Virgin Islands (U.S.),the Virgin Islands of the United States,VI,VIR,850,ISO 3166-2:VI
Wallis and Futuna,the Territory of the Wallis and Futuna Islands,WF,WLF,876,ISO 3166-2:WF
Western Sahara,the Sahrawi Arab Democratic Republic,EH,ESH,732,ISO 3166-2:EH
Yemen,the Republic of Yemen,YE,YEM,887,ISO 3166-2:YE
Zambia,the Republic of Zambia,ZM,ZMB,894,ISO 3166-2:ZM
Zimbabwe,the Republic of Zimbabwe,ZW,ZWE,716,ISO 3166-2:ZW
